{
	"metadata": [{
	  "title": "TEST Assessment #0002",
	  "author": "Noah Deda",
	  "organization": "UNCW",
	  "dateCreated": "11/20/2023",
	  "description": "Assessment created for test purposes",
	  "language": "en",
	  "categories": ["Catagory1", "Catagory2"]}],
  "scoringOptions": [{
	    "subScoreGroupings": ["groupA", "groupB", "groupC", "groupD"],
		"scoreEntireForm": "False",
		"shuffleQuestions": "False"}],
  "questionList": [
    {
      "questionID": "1",
      "type": "text",
      "name": "question1",
	  "query":"Text Input Question",
	  "group": ["groupA"]
    },
    {
      "questionID": "2",
      "type": "radio",
      "name": "question2",
	  "query":"Radio Question",
	  "answers" : ["Yes", "No"],
	  "weights":["1.0","2.0"],
	  "group": ["groupD", "groupB"]
    },
	{
      "questionID": "3",
      "type": "radio",
      "name": "question3",
	  "query":"Question with image",
	  "image": "Image1.png",
	  "answers" : ["Yes", "No"],
	  "weights":["1.0","2.0"],
	  "group": ["groupA", "groupB"]
    },
	{
      "questionID": "4",
      "type": "radio",
      "name": "question4",
	  "query":"Select Image Question",
	  "answers" : {"image": ["Image1.png", "Image1.png"]},
	  "weights":["1.0","2.0"],
	  "group": ["groupA", "groupC"]
    },
    {
      "questionID": "5",
      "type": "checkbox",
      "name": "question5",
	  "query":"Multiple Choice",
	  "answers" : ["Q1", "Q2", "Q3", "Q4"],
	  "weights":["1.0","2.0","2.0","2.0"],
	  "group": ["groupA"]
    },
	{
      "questionID": "6",
      "type": "checkbox",
      "name": "question6",
	  "query":"Multiple Choice",
	  "answers" : {"image": ["Image1.png","Image1.png","Image1.png", "Image1.png"]},
	  "weights":["1.0","2.0","2.0","2.0"],
	  "group": ["groupC"]
    },
    {
      "questionID": "7",
      "type": "range",
      "name": "question7",
	  "query":"Range slider",
	  "range": ["1", "5"],
	  "showfullrange": false,
	  "weights":["-2","-1","0","1","2"],
	  "group": ["groupA"]
    },
	{
      "questionID": "8",
      "type": "range",
      "name": "question8",
	  "query":"Range slider",
	  "range": ["1", "5"],
	  "showfullrange": true,
	  "weights":["-2","-1","0","1","2"],
	  "group": ["groupC"]
    },
	{
      "questionID": "9",
      "type": "range",
      "name": "question9",
	  "query":"Range slider",
	  "steps": ["One", "Two", "Three", "Four", "Five"],
	  "weights":["-2","-1","0","1","2"],
	  "group": ["groupA", "groupC"]
    },
    {
      "questionID": "10",
      "type": "motionTrack",
      "name": "question10",
      "placeholder": "Enter your message here",
	  "group": ["groupD"]
    }
  ]
}
